titles,summary,url
,,
摩奇园林专访：土壤生态功能提升新变革与绿化废弃物循环产业...,受访 史军鹏（全国城镇风景园林标委会委员 、 中国风景园林学会企业工作委员会...,http://www.chinabuildingcentre.com/show-41-747-1.html
,,
实现环境的可持续发展――UED杂志专访邓代明,受访 邓代明 棕榈设计有限公司常务副总裁UED：在国家新型城镇化的大背景之下，生...,http://www.chinabuildingcentre.com/show-41-743-1.html
,,
平凡坚毅中的建筑传承――UED杂志专访李子萍,采访对象：李子萍，中国建筑西北设计研究院有限公司专业总建筑师采访媒体：《城市...,http://www.chinabuildingcentre.com/show-41-742-1.html
,,
董功专访：建筑作为一种呈现的媒介,建筑作为一种呈现的媒介,http://www.chinabuildingcentre.com/show-41-741-1.html
,,
waa专访：言说|量体裁衣的裁缝与叙事性的建筑,受访／张迪 杨杰克 博乐文,http://www.chinabuildingcentre.com/show-41-739-1.html
,,
WOHA专访：不断发现有新意且可持续发展的解决方案,受访／黄文森（Wong Mun Summ）、理查德・哈塞尔（Richard Hassell） WOHA 建筑事务所创始合伙人,http://www.chinabuildingcentre.com/show-41-738-1.html
,,
【专访】伊纳克・阿巴罗斯: 实用主义的人文商业情怀,“现在已经不是看哪栋楼建的最高，而是要看里面的人如何生活在高处。”,http://www.chinabuildingcentre.com/show-41-737-1.html
,,
【专访】丹尼尔・里伯斯金: 当艺术遇见商业,“我相信只有当建筑师动手画，才会拥有普鲁斯特经历的那种时刻――碰巧走到心灵的...,http://www.chinabuildingcentre.com/show-41-736-1.html
,,
金陵美术馆 | 以“工业厂房”为起点，以“工业材料”为终点,金陵美术馆是20世纪60-70年代的工业厂房改建，它仿佛一位在场的他者悄然矗立在南京...,http://www.chinabuildingcentre.com/show-41-735-1.html
,,
华黎：地 ・ 景中的建筑 | UED百名建筑师展,华黎：地 ・ 景中的建筑 | UED百名建筑师展地 ・ 景中的建筑Building in L...,http://www.chinabuildingcentre.com/show-41-734-1.html
,,
从表绿到深绿――作为绿色建筑产业化引领者的深度思考与探索,走进天友集团位于天津的绿色设计中心，迎面而来的是鲤鱼水景和透光性极强的大空间...,http://www.chinabuildingcentre.com/show-41-733-1.html
,,
【为城市而设计・艺术改变城市】王中：郑州1904公园,案例的意义并不在于项目本身，而在于我们提出“艺术激活空间”主张的落地实践。事...,http://www.chinabuildingcentre.com/show-41-732-1.html
,,
【为城市而设计・智慧城市】巴塞罗那建筑面面观,访谈来自《城市 环境 设计》（UED）杂志第95期 2015年9月刊。主持人：里卡德・...,http://www.chinabuildingcentre.com/show-41-731-1.html
,,
【为城市而设计・景观城市】野趣・ 野去,每一个在城市里忙忙碌碌穿梭于鳞次栉比的钢筋水泥中的人都有一个身在郊野的梦，而...,http://www.chinabuildingcentre.com/show-41-730-1.html
,,
单军：建筑应当关注地域性【从北京到伦敦展】访谈,采访   王鑫（UED）（原载于《UED》，2012（08） 从北京到伦敦――当代中国建...,http://www.chinabuildingcentre.com/show-41-729-1.html
,,
单军：关键不在于是否在境外盖房子【境外实践专辑】访谈,采访：范路（原载于《世界建筑》，2015（01） 建在别处境外实践专辑）中国建筑师...,http://www.chinabuildingcentre.com/show-41-728-1.html
,,
单军对话王路：之间,关于钟祥市博物馆暨明代帝王文化博物馆设计单军 王路（原载于《时代建筑》，2013...,http://www.chinabuildingcentre.com/show-41-727-1.html
,,
内外之间,――建筑地点性表达的两种途径单 军 铁 雷(原载于《世界建筑》，2010(08)) 建...,http://www.chinabuildingcentre.com/show-41-726-1.html
,,
春秋之间,――春秋双门单军铁雷（原载于《建筑学报》，2010(11)）            ...,http://www.chinabuildingcentre.com/show-41-725-1.html
,,
山水之间,――钟祥市博物馆暨明代帝王文化博物馆设计单军，卢向东，王鑫，铁雷（原载于《建...,http://www.chinabuildingcentre.com/show-41-724-1.html
,,
飞地的双重地域性,――中国商务部驻印尼商务馆舍设计单军 刘玉龙 铁雷 赵瞳（原载于《建筑学报》...,http://www.chinabuildingcentre.com/show-41-723-1.html
,,
《地区建筑学系列研究丛书》缘起,单军（原载于《地区建筑学系列研究丛书》，2014）谈到地区建筑学系列研究的缘起，...,http://www.chinabuildingcentre.com/show-41-722-1.html
,,
[UED]城市与未来――庞拢建筑纪元专访,2015年7月2日建筑纪元展于上海展览中心举办，Benoy上海区总经理庞率苎参加，并进...,http://www.chinabuildingcentre.com/show-41-721-1.html
,,
广东博物馆新馆太丑？主设计师严迅奇回应三大争议,开放不到半个月的广东博物馆，已经成为广州城内最受关注的一栋明星建筑，每天都吸...,http://www.chinabuildingcentre.com/show-41-720-1.html
,,
上完这一课，全世界都会听你的――设计公司产品创新Workshop,引言设计企业业绩大滑坡！设计人的自我角色迷失！好日子过去了，我们很怀念它。如...,http://www.chinabuildingcentre.com/show-41-719-1.html
,,
陈阳谈产品创新：抓住从0到1的机会（下）,引言当下设计行业的市场有所变化，设计企业面临各样的问题，企业的管理思维提升以...,http://www.chinabuildingcentre.com/show-41-718-1.html
,,
陈阳谈产品创新：抓住从0到1的机会（上）,引言当下设计行业的市场有所变化，设计企业面临各样的问题，企业的管理思维提升以...,http://www.chinabuildingcentre.com/show-41-717-1.html
,,
演艺建筑：使每个人都参与到艺术中来――Aedas 文化艺术团队专访,中国建筑报道网专访Aedas 文化艺术团队主题：演艺建筑――使每个人都参与到艺术中...,http://www.chinabuildingcentre.com/show-41-716-1.html
,,
设计企业不要错过从0到1的机会――CBC学院专访ADU首席顾问陈阳老师,――CBC学院专访ADU首席顾问陈阳老师采访主题：市场现状与目前设计企业的发展之路...,http://www.chinabuildingcentre.com/show-41-715-1.html
,,
为何古罗马建筑可以屹立上千年不倒,"古罗马建筑为何能上千年屹立不倒利用ALS光束线12 3 2,一种超导体弯曲磁铁X射线微...",http://www.chinabuildingcentre.com/show-41-714-1.html
,,
【视频】UED深圳华汇大讲堂――蓝天组prix深圳讲座,2014年11月19日，奥地利蓝天组创始人Wolf D  Prix莅临“UED深圳华汇大讲堂”，...,http://www.chinabuildingcentre.com/show-41-713-1.html
,,
【视频】UED深圳华汇大讲堂――理查德・瑞杰斯特：未来城市―...,由UED杂志社、深圳华汇设计有限公司、万科集团以及C&P国际生态技术研究院联合主办...,http://www.chinabuildingcentre.com/show-41-712-1.html
,,
【视频】UED深圳华汇大讲堂――哈尼・拉什德：形式追随未来,美国知名建筑师哈尼・拉什德，受由《城市・环境・设计》（UED）杂志社、深圳华汇设...,http://www.chinabuildingcentre.com/show-41-711-1.html
,,
【视频】UED大师讲堂――承孝相：地文,2014年6月6日，韩国知名建筑师承孝相，受由《城市・环境・设计》（UED）杂志社、深...,http://www.chinabuildingcentre.com/show-41-710-1.html
,,
【视频】UED大师讲堂――布兰登・麦克法兰“场所与身份”,2014年4月25日晚，UED大师讲堂-布兰登・麦克法兰“场所与身份”讲座在深圳华夏艺术...,http://www.chinabuildingcentre.com/show-41-709-1.html
,,
【视频】UED大师讲堂――汤姆・梅恩(Thom Mayne),汤姆・梅恩以“公共精神(Public-ness)”为主题，结合十多个案例，分享了自己对于城...,http://www.chinabuildingcentre.com/show-41-708-1.html
,,
【视频】UED大师讲堂―丹尼尔里伯斯金：建筑是一种语言,美籍犹太裔丹尼尔 里伯斯金(Daniel Libeskind)1946年出生于波兰一个纳粹大屠杀幸...,http://www.chinabuildingcentre.com/show-41-706-1.html
,,
面向未来的产业园景观设计・阿普贝思邹裕波总裁-实战培训回访交流,快速化的城市建设横生出诸多建设项目。作为维持企业运转的支撑点，项目的魅力令人...,http://www.chinabuildingcentre.com/show-41-693-1.html
,,
蓝天组Prix访谈：建筑可以像云一样,UED：请问您的事务所为何叫做蓝天组(CoopHimmelb(l)au)？您的建筑设计风格与蓝天有...,http://www.chinabuildingcentre.com/show-41-690-1.html
,,
包赞巴克的摩天楼情结：纽约高层设计,除了文化类的建筑项目，摩天大楼也是克里斯蒂安&bull;德&bull;包赞巴克设计实践的...,http://www.chinabuildingcentre.com/show-41-689-1.html
,,
包赞巴克：让空间变得快乐起来,曾经有人形容，和自己的建筑设计相比，法国建筑师克里斯蒂安 德 包赞巴克(Christ...,http://www.chinabuildingcentre.com/show-41-688-1.html
,,
充满梦幻的埃尔热丁丁博物馆,丁丁历险记的作者埃尔热先生的夫人Fanny Rodwell 希望建一座博物馆来纪念他的丈...,http://www.chinabuildingcentre.com/show-41-687-1.html
,,
来自普利兹克奖的赞誉――包赞巴克的巴黎音乐城,巴黎音乐城项目是克里斯蒂安&bull;德&bull;包赞巴克先生最重要的代表作之一，与其...,http://www.chinabuildingcentre.com/show-41-686-1.html
,,
titles,comment,url
,,
摩奇园林专访：土壤生态功能提升新变革与绿化废弃物循环产业...,受访 史军鹏（全国城镇风景园林标委会委员 、 中国风景园林学会企业工作委员会...,http://www.chinabuildingcentre.com/show-41-747-1.html
,,
实现环境的可持续发展――UED杂志专访邓代明,受访 邓代明 棕榈设计有限公司常务副总裁UED：在国家新型城镇化的大背景之下，生...,http://www.chinabuildingcentre.com/show-41-743-1.html
,,
平凡坚毅中的建筑传承――UED杂志专访李子萍,采访对象：李子萍，中国建筑西北设计研究院有限公司专业总建筑师采访媒体：《城市...,http://www.chinabuildingcentre.com/show-41-742-1.html
,,
董功专访：建筑作为一种呈现的媒介,建筑作为一种呈现的媒介,http://www.chinabuildingcentre.com/show-41-741-1.html
,,
waa专访：言说|量体裁衣的裁缝与叙事性的建筑,受访／张迪 杨杰克 博乐文,http://www.chinabuildingcentre.com/show-41-739-1.html
,,
WOHA专访：不断发现有新意且可持续发展的解决方案,受访／黄文森（Wong Mun Summ）、理查德・哈塞尔（Richard Hassell） WOHA 建筑事务所创始合伙人,http://www.chinabuildingcentre.com/show-41-738-1.html
,,
【专访】伊纳克・阿巴罗斯: 实用主义的人文商业情怀,“现在已经不是看哪栋楼建的最高，而是要看里面的人如何生活在高处。”,http://www.chinabuildingcentre.com/show-41-737-1.html
,,
【专访】丹尼尔・里伯斯金: 当艺术遇见商业,“我相信只有当建筑师动手画，才会拥有普鲁斯特经历的那种时刻――碰巧走到心灵的...,http://www.chinabuildingcentre.com/show-41-736-1.html
,,
金陵美术馆 | 以“工业厂房”为起点，以“工业材料”为终点,金陵美术馆是20世纪60-70年代的工业厂房改建，它仿佛一位在场的他者悄然矗立在南京...,http://www.chinabuildingcentre.com/show-41-735-1.html
,,
华黎：地 ・ 景中的建筑 | UED百名建筑师展,华黎：地 ・ 景中的建筑 | UED百名建筑师展地 ・ 景中的建筑Building in L...,http://www.chinabuildingcentre.com/show-41-734-1.html
,,
从表绿到深绿――作为绿色建筑产业化引领者的深度思考与探索,走进天友集团位于天津的绿色设计中心，迎面而来的是鲤鱼水景和透光性极强的大空间...,http://www.chinabuildingcentre.com/show-41-733-1.html
,,
【为城市而设计・艺术改变城市】王中：郑州1904公园,案例的意义并不在于项目本身，而在于我们提出“艺术激活空间”主张的落地实践。事...,http://www.chinabuildingcentre.com/show-41-732-1.html
,,
【为城市而设计・智慧城市】巴塞罗那建筑面面观,访谈来自《城市 环境 设计》（UED）杂志第95期 2015年9月刊。主持人：里卡德・...,http://www.chinabuildingcentre.com/show-41-731-1.html
,,
【为城市而设计・景观城市】野趣・ 野去,每一个在城市里忙忙碌碌穿梭于鳞次栉比的钢筋水泥中的人都有一个身在郊野的梦，而...,http://www.chinabuildingcentre.com/show-41-730-1.html
,,
单军：建筑应当关注地域性【从北京到伦敦展】访谈,采访   王鑫（UED）（原载于《UED》，2012（08） 从北京到伦敦――当代中国建...,http://www.chinabuildingcentre.com/show-41-729-1.html
,,
单军：关键不在于是否在境外盖房子【境外实践专辑】访谈,采访：范路（原载于《世界建筑》，2015（01） 建在别处境外实践专辑）中国建筑师...,http://www.chinabuildingcentre.com/show-41-728-1.html
,,
单军对话王路：之间,关于钟祥市博物馆暨明代帝王文化博物馆设计单军 王路（原载于《时代建筑》，2013...,http://www.chinabuildingcentre.com/show-41-727-1.html
,,
内外之间,――建筑地点性表达的两种途径单 军 铁 雷(原载于《世界建筑》，2010(08)) 建...,http://www.chinabuildingcentre.com/show-41-726-1.html
,,
春秋之间,――春秋双门单军铁雷（原载于《建筑学报》，2010(11)）            ...,http://www.chinabuildingcentre.com/show-41-725-1.html
,,
山水之间,――钟祥市博物馆暨明代帝王文化博物馆设计单军，卢向东，王鑫，铁雷（原载于《建...,http://www.chinabuildingcentre.com/show-41-724-1.html
,,
飞地的双重地域性,――中国商务部驻印尼商务馆舍设计单军 刘玉龙 铁雷 赵瞳（原载于《建筑学报》...,http://www.chinabuildingcentre.com/show-41-723-1.html
,,
《地区建筑学系列研究丛书》缘起,单军（原载于《地区建筑学系列研究丛书》，2014）谈到地区建筑学系列研究的缘起，...,http://www.chinabuildingcentre.com/show-41-722-1.html
,,
[UED]城市与未来――庞拢建筑纪元专访,2015年7月2日建筑纪元展于上海展览中心举办，Benoy上海区总经理庞率苎参加，并进...,http://www.chinabuildingcentre.com/show-41-721-1.html
,,
广东博物馆新馆太丑？主设计师严迅奇回应三大争议,开放不到半个月的广东博物馆，已经成为广州城内最受关注的一栋明星建筑，每天都吸...,http://www.chinabuildingcentre.com/show-41-720-1.html
,,
上完这一课，全世界都会听你的――设计公司产品创新Workshop,引言设计企业业绩大滑坡！设计人的自我角色迷失！好日子过去了，我们很怀念它。如...,http://www.chinabuildingcentre.com/show-41-719-1.html
,,
陈阳谈产品创新：抓住从0到1的机会（下）,引言当下设计行业的市场有所变化，设计企业面临各样的问题，企业的管理思维提升以...,http://www.chinabuildingcentre.com/show-41-718-1.html
,,
陈阳谈产品创新：抓住从0到1的机会（上）,引言当下设计行业的市场有所变化，设计企业面临各样的问题，企业的管理思维提升以...,http://www.chinabuildingcentre.com/show-41-717-1.html
,,
演艺建筑：使每个人都参与到艺术中来――Aedas 文化艺术团队专访,中国建筑报道网专访Aedas 文化艺术团队主题：演艺建筑――使每个人都参与到艺术中...,http://www.chinabuildingcentre.com/show-41-716-1.html
,,
设计企业不要错过从0到1的机会――CBC学院专访ADU首席顾问陈阳老师,――CBC学院专访ADU首席顾问陈阳老师采访主题：市场现状与目前设计企业的发展之路...,http://www.chinabuildingcentre.com/show-41-715-1.html
,,
为何古罗马建筑可以屹立上千年不倒,"古罗马建筑为何能上千年屹立不倒利用ALS光束线12 3 2,一种超导体弯曲磁铁X射线微...",http://www.chinabuildingcentre.com/show-41-714-1.html
,,
【视频】UED深圳华汇大讲堂――蓝天组prix深圳讲座,2014年11月19日，奥地利蓝天组创始人Wolf D  Prix莅临“UED深圳华汇大讲堂”，...,http://www.chinabuildingcentre.com/show-41-713-1.html
,,
【视频】UED深圳华汇大讲堂――理查德・瑞杰斯特：未来城市―...,由UED杂志社、深圳华汇设计有限公司、万科集团以及C&P国际生态技术研究院联合主办...,http://www.chinabuildingcentre.com/show-41-712-1.html
,,
【视频】UED深圳华汇大讲堂――哈尼・拉什德：形式追随未来,美国知名建筑师哈尼・拉什德，受由《城市・环境・设计》（UED）杂志社、深圳华汇设...,http://www.chinabuildingcentre.com/show-41-711-1.html
,,
【视频】UED大师讲堂――承孝相：地文,2014年6月6日，韩国知名建筑师承孝相，受由《城市・环境・设计》（UED）杂志社、深...,http://www.chinabuildingcentre.com/show-41-710-1.html
,,
【视频】UED大师讲堂――布兰登・麦克法兰“场所与身份”,2014年4月25日晚，UED大师讲堂-布兰登・麦克法兰“场所与身份”讲座在深圳华夏艺术...,http://www.chinabuildingcentre.com/show-41-709-1.html
,,
【视频】UED大师讲堂――汤姆・梅恩(Thom Mayne),汤姆・梅恩以“公共精神(Public-ness)”为主题，结合十多个案例，分享了自己对于城...,http://www.chinabuildingcentre.com/show-41-708-1.html
,,
【视频】UED大师讲堂―丹尼尔里伯斯金：建筑是一种语言,美籍犹太裔丹尼尔 里伯斯金(Daniel Libeskind)1946年出生于波兰一个纳粹大屠杀幸...,http://www.chinabuildingcentre.com/show-41-706-1.html
,,
面向未来的产业园景观设计・阿普贝思邹裕波总裁-实战培训回访交流,快速化的城市建设横生出诸多建设项目。作为维持企业运转的支撑点，项目的魅力令人...,http://www.chinabuildingcentre.com/show-41-693-1.html
,,
蓝天组Prix访谈：建筑可以像云一样,UED：请问您的事务所为何叫做蓝天组(CoopHimmelb(l)au)？您的建筑设计风格与蓝天有...,http://www.chinabuildingcentre.com/show-41-690-1.html
,,
包赞巴克的摩天楼情结：纽约高层设计,除了文化类的建筑项目，摩天大楼也是克里斯蒂安&bull;德&bull;包赞巴克设计实践的...,http://www.chinabuildingcentre.com/show-41-689-1.html
,,
包赞巴克：让空间变得快乐起来,曾经有人形容，和自己的建筑设计相比，法国建筑师克里斯蒂安 德 包赞巴克(Christ...,http://www.chinabuildingcentre.com/show-41-688-1.html
,,
充满梦幻的埃尔热丁丁博物馆,丁丁历险记的作者埃尔热先生的夫人Fanny Rodwell 希望建一座博物馆来纪念他的丈...,http://www.chinabuildingcentre.com/show-41-687-1.html
,,
来自普利兹克奖的赞誉――包赞巴克的巴黎音乐城,巴黎音乐城项目是克里斯蒂安&bull;德&bull;包赞巴克先生最重要的代表作之一，与其...,http://www.chinabuildingcentre.com/show-41-686-1.html
,,
titles,comment,url
,,
╁涓璁匡澹ょ芥板╀缁垮搴寮╁惊浜т...,璁 插楣锛ㄥ藉椋濮浼濮??涓介瀛浼浼涓宸ヤ濮浼?..,http://www.chinabuildingcentre.com/show-41-747-1.html
,,
瀹扮澧缁灞UED蹇涓璁块浠ｆ?璁 浠ｆ?妫姒璁捐℃稿父″昏UED锛ㄥ藉舵板澶ц涔涓锛?..,http://www.chinabuildingcentre.com/show-41-743-1.html,
,,
骞冲″姣涓寤虹浼库UED蹇涓璁挎瀛?璁垮硅薄锛瀛锛涓藉缓绛瑗垮璁捐＄绌堕㈡镐涓诲缓绛甯璁垮浣锛甯?..,http://www.chinabuildingcentre.com/show-41-742-1.html,
,,
ｅ涓璁匡寤虹浣涓轰绉扮濯浠,寤虹浣涓轰绉扮濯浠,http://www.chinabuildingcentre.com/show-41-741-1.html
,,
waa涓璁匡瑷璇|浣瑁琛ｇ瑁缂涓浜х寤虹,璁匡寮杩?ㄦ板?涔?http://www.chinabuildingcentre.com/show-41-739-1.html,
,,
WOHA涓璁匡涓版版涓缁灞瑙ｅ虫规?璁匡榛妫锛Wong Mun Summ锛ュ痉路濉灏锛Richard Hassell锛?WOHA 寤虹浜℃濮浼浜?http://www.chinabuildingcentre.com/show-41-738-1.html,,
,,
涓璁裤浼绾冲路垮反缃: 瀹ㄤ富涔浜烘涓,板ㄥ凡缁涓妤煎缓楂锛瑕㈢浜哄浣娲诲ㄩ澶?http://www.chinabuildingcentre.com/show-41-737-1.html,
,,
涓璁裤涓瑰凹灏路浼: 褰烘瑙涓?镐俊褰寤虹甯ㄦ伙浼ユ椴圭ｇ跺烩纰板阀璧板板电...,http://www.chinabuildingcentre.com/show-41-736-1.html,
,,
电棣?| 浠モ宸ヤ库涓鸿捣癸浠モ宸ヤ涓虹,电棣20涓绾60-70骞翠唬宸ヤ挎瑰缓锛瀹浠夸涓浣ㄥ虹浠剁绔ㄥ浜...,http://www.chinabuildingcentre.com/show-41-735-1.html
,,
榛锛 路 涓寤虹?| UED惧寤虹甯灞,榛锛 路 涓寤虹?| UED惧寤虹甯灞?路 涓寤虹Building in L...,http://www.chinabuildingcentre.com/show-41-734-1.html
,,
浠琛ㄧ豢版繁缁库浣涓虹豢插缓绛浜т寮棰娣卞害涓㈢储,璧拌澶╁浣浜澶╂触缁胯茶捐′腑蹇锛杩㈣ョ椴ら奔姘存ф寮虹澶х┖?..,http://www.chinabuildingcentre.com/show-41-733-1.html
,,
涓哄甯璁捐÷疯烘瑰甯涓锛宸1904,妗渚涔骞朵ㄤ椤圭韬锛ㄤ浠衡烘婵娲荤┖粹涓诲藉板璺点浜...,http://www.chinabuildingcentre.com/show-41-732-1.html
,,
涓哄甯璁捐÷锋烘у甯宸村缃ｅ缓绛㈤㈣,璁胯ヨ甯?澧 璁捐°锛UED锛蹇绗95?2015骞?涓绘浜猴″痉路...,http://www.chinabuildingcentre.com/show-41-731-1.html
,,
涓哄甯璁捐÷锋瑙甯瓒Ｂ?,姣涓涓ㄥ甯蹇蹇纰纰绌挎浜槌娆℃姣㈢姘存偿涓浜洪芥涓涓韬ㄩ姊锛?..,http://www.chinabuildingcentre.com/show-41-730-1.html
,,
锛寤虹搴褰虫敞板с浠浜颁鸡灞璁胯?璁   锛UED锛锛杞戒UED锛2012锛?8锛?浠浜颁鸡褰浠ｄ腑藉缓...,http://www.chinabuildingcentre.com/show-41-729-1.html,
,,
锛抽涓ㄤㄥ澶垮澧澶瀹璺典杈璁胯?璁匡璺锛杞戒涓寤虹锛2015锛?1锛?寤哄ㄥ澶澧澶瀹璺典杈锛涓藉缓绛甯...,http://www.chinabuildingcentre.com/show-41-728-1.html,
,,
瀵硅璺锛涔?充绁ュ╅ㄦ浠ｅ╅璁捐″ 璺锛杞戒朵唬寤虹锛2013...,http://www.chinabuildingcentre.com/show-41-727-1.html,
,,
澶涔,寤虹扮规ц〃杈剧涓ょ寰????杞戒涓寤虹锛2010(08)) 寤?..,http://www.chinabuildingcentre.com/show-41-726-1.html
,,
ョ涔,ョㄥ凤杞戒寤虹瀛ャ锛2010(11)锛?           ...,http://www.chinabuildingcentre.com/show-41-725-1.html
,,
灞辨按涔,绁ュ╅ㄦ浠ｅ╅璁捐″锛㈠涓锛锛凤杞戒寤...,http://www.chinabuildingcentre.com/show-41-724-1.html
,,
椋扮板?涓藉￠ㄩ┗板凹￠璁捐″?榫? 璧电筹杞戒寤虹瀛ャ?..,http://www.chinabuildingcentre.com/show-41-723-1.html,
,,
板哄缓绛瀛绯诲绌朵涔缂璧?锛杞戒板哄缓绛瀛绯诲绌朵涔锛2014锛璋板板哄缓绛瀛绯诲绌剁缂璧凤...,http://www.chinabuildingcentre.com/show-41-722-1.html,
,,
[UED]甯涓モ搴宓锛寤虹绾涓璁,2015骞??ュ缓绛绾灞浜涓娴峰瑙涓蹇涓惧锛Benoy涓娴峰烘荤搴宓锛骞惰?..,http://www.chinabuildingcentre.com/show-41-721-1.html
,,
骞夸╅伴澶涓锛涓昏捐″涓ヨ濂搴涓澶т璁?寮句板涓骞夸╅锛宸茬涓哄箍宸虫敞涓寤虹锛姣澶╅藉...,http://www.chinabuildingcentre.com/show-41-720-1.html,
,,
涓瀹杩涓璇撅ㄤ戒浣璁捐″镐骇Workshop,寮瑷璁捐′涓涓缁╁ぇ婊★璁捐′汉瑙茶糠澶憋濂芥ュ杩讳锛浠寰蹇靛濡...,http://www.chinabuildingcentre.com/show-41-719-1.html
,,
宠浜у帮浣浠??轰锛涓锛,寮瑷褰涓璁捐¤涓甯烘锛璁捐′涓涓村风棰锛浼涓绠＄缁存浠?..,http://www.chinabuildingcentre.com/show-41-718-1.html
,,
宠浜у帮浣浠??轰锛涓锛,寮瑷褰涓璁捐¤涓甯烘锛璁捐′涓涓村风棰锛浼涓绠＄缁存浠?..,http://www.chinabuildingcentre.com/show-41-717-1.html
,,
婕哄缓绛锛浣挎涓浜洪藉涓拌烘涓モAedas 烘㈤涓璁,涓藉缓绛ラ缃涓璁Aedas 烘㈤涓婚锛婕哄缓绛浣挎涓浜洪藉涓拌烘涓...,http://www.chinabuildingcentre.com/show-41-716-1.html
,,
璁捐′涓涓瑕杩浠??轰CBC瀛涓璁ADU棣甯椤鹃宠甯,CBC瀛涓璁ADU棣甯椤鹃宠甯璁夸富棰锛甯虹扮朵璁捐′涓灞涔璺?..,http://www.chinabuildingcentre.com/show-41-715-1.html
,,
"涓轰ょ椹寤虹浠ュ惫绔涓骞翠?""ょ椹寤虹涓轰戒骞村惫绔涓╃ALS绾?2 3 2","涓绉瓒瀵间寮茬X灏绾垮?..""",http://www.chinabuildingcentre.com/show-41-714-1.html
,,
瑙棰UED娣卞冲姹澶ц插澶╃prix娣卞宠插骇,2014骞?1?9ワ濂ュ板╄澶╃濮浜Wolf D  Prix涓粹UED娣卞冲姹澶ц插锛...,http://www.chinabuildingcentre.com/show-41-713-1.html
,,
瑙棰UED娣卞冲姹澶ц插ュ痉路版癸ュ甯?..,UED蹇绀俱娣卞冲姹璁捐℃搞涓绉浠ュC&P介绌堕㈣涓诲...,http://www.chinabuildingcentre.com/show-41-712-1.html
,,
瑙棰UED娣卞冲姹澶ц插灏悸锋浠寰凤褰㈠杩介,缇界ュ寤虹甯灏悸锋浠寰凤便甯路澧路璁捐°锛UED锛蹇绀俱娣卞冲姹璁...,http://www.chinabuildingcentre.com/show-41-711-1.html
,,
瑙棰UED澶у璁插垮革版?2014骞??ワ╁界ュ寤虹甯垮革便甯路澧路璁捐°锛UED锛蹇绀俱娣...,http://www.chinabuildingcentre.com/show-41-710-1.html,
,,
瑙棰UED澶у璁插甯扮宦烽害娉扳烘涓韬浠解?2014骞??5ユ锛UED澶у璁插-甯扮宦烽害娉扳烘涓韬浠解璁插骇ㄦ繁冲澶烘...,http://www.chinabuildingcentre.com/show-41-709-1.html,
,,
瑙棰UED澶у璁插姹ゅ路姊?Thom Mayne),姹ゅ路姊╀互辩簿绁?Public-ness)涓轰富棰锛缁澶涓妗渚锛浜浜宸卞逛?..,http://www.chinabuildingcentre.com/show-41-708-1.html
,,
瑙棰UED澶у璁插涓瑰凹灏浼锛寤虹涓绉璇瑷,缇绫瑰お瑁涓瑰凹灏 浼(Daniel Libeskind)1946骞村虹浜娉㈠颁涓绾崇补澶у骞?..,http://www.chinabuildingcentre.com/show-41-706-1.html
,,
㈠ョ浜т瑙璁捐÷烽挎璐硅娉㈡昏-瀹硅璁夸氦娴,蹇甯寤鸿炬í鸿稿寤鸿鹃」浣涓虹淮浼涓杩杞癸椤圭榄浠や?..,http://www.chinabuildingcentre.com/show-41-693-1.html
,,
澶╃Prix璁胯锛寤虹浠ュ浜涓?UED锛璇烽ㄧ浜℃涓轰澶╃?CoopHimmelb(l)au)锛ㄧ寤虹璁捐￠间澶╂?..,http://www.chinabuildingcentre.com/show-41-690-1.html,
,,
璧宸村╁ぉ妤兼缁锛绾界害楂灞璁捐?や绫荤寤虹椤圭锛╁ぉ澶фゼ涔瀹&bull;寰?bull;璧宸村璁捐″璺电?..,http://www.chinabuildingcentre.com/show-41-689-1.html,
,,
璧宸村锛璁╃┖村寰蹇涔璧锋,剧浜哄舰瀹癸宸辩寤虹璁捐＄告锛娉藉缓绛甯瀹 寰?璧宸村(Christ...,http://www.chinabuildingcentre.com/show-41-688-1.html
,,
婊℃骞荤灏涓涓╅?涓涓╄扮浣灏澶浜Fanny Rodwell 甯寤轰搴у╅ョ邯蹇典涓...,http://www.chinabuildingcentre.com/show-41-687-1.html,
,,
ヨ╁瑰濂璧瑾璧宸村宸撮充?宸撮充椤圭瀹?bull;寰?bull;璧宸村瑕浠ｈ〃浣涔涓锛涓?..,http://www.chinabuildingcentre.com/show-41-686-1.html,
,,
浜涓绯寮涓璁DDON㈢涓昏奸甯璁捐″琚句?扮匡UED DDON路绗涓缁杩6骞寸堕达宸茬跺灞涓轰腑借捐＄涓寮绐璧?..,http://www.chinabuildingcentre.com/show-41-685-1.html,
,,
浼涓涓伴锛瓒瓒颁唬涓讳寤虹??濠风涓瑗匡浜虹О涔涓鸿В褰╄广浜轰滑灏辨惧浜т宠薄锛垮绂浜?..,http://www.chinabuildingcentre.com/show-41-684-1.html,
,,
ㄥ缁璇昏濂界绀肩╋UEDｈ封涓芥缇绉板?ㄥ缁2014骞村害涓芥缇撮娲诲ㄤ腑锛甯澧璁捐°蹇锛UED锛锛ｅ垢...,http://www.chinabuildingcentre.com/show-41-683-1.html,
,,
寤虹甯涓姹浜,拌璁捐℃荤锛璁捐″璇蜂浜缁寤虹甯涓烘豹浜鸿捐′灞绌洪?..,http://www.chinabuildingcentre.com/show-41-682-1.html
,,
涓楦涓轰即妲杈惧缓绛?AIM濂浼濂甯绡烽搴绔璧规,瀵瑰绡烽搴绔璧规锛浠轰涓涓稿蹇碉涓涓缁椤圭锛涓涓垫椿寮...,http://www.chinabuildingcentre.com/show-41-681-1.html
,,
娲澶у锛靛案块炬寤虹璁捐″ぇ璧浣,寤虹璁捐″Architects Southwest 浜?010骞村璧蜂绗涓灞靛案块炬璁捐″ぇ璧锛娌...,http://www.chinabuildingcentre.com/show-41-680-1.html
,,
杞讳复瑰эｄ榄や唬娆ф床寤虹剧焊,editor tingyu甯瑗胯舵捐达х告洪绘′瑙瀵告烘㈡瀵逛╀楂搴╋?..,http://www.chinabuildingcentre.com/show-41-679-1.html
,,
璋涔涓虹癸涔浠ユPeter Lynch浜绔瑰浣涓哄缓绾涓涓绾?绔瑰涔浜浠娲诲璋澶涓ㄣ杞煎氨惧烘绔逛护浜轰ㄣ濡浠锛绔规绌惰?..,http://www.chinabuildingcentre.com/show-41-678-1.html,
,,
浠瑗挎规蹇靛板ㄧ璇规瀹峰路搴?缂杈   濠风规瀹锛璁板浣?995 骞翠涓浜涓捐浜浣OMA 灞瑙锛瀵逛浜浠...,http://www.chinabuildingcentre.com/show-41-677-1.html,
,,
蹇锛рㄦ瀵硅撮,缂杈   璧佃开充宠婧ㄦ 锛瀹涓绡冲撮浣璇璁猴ㄥ浣杩绋涓?..,http://www.chinabuildingcentre.com/show-41-676-1.html
,,
撮涓ㄦ,缂杈   璧佃开璁哄骞达借璇浜℃绋虫ュ灞锛椤惧缓绛甯哥储濂杩锛璁鸿?..,http://www.chinabuildingcentre.com/show-41-675-1.html
,,
OMA ㄤ腑?锛涓璇衡璋卞??  Roberto Requejo OMA 楂绾у缓绛甯澶涓藉ㄤ腑藉伐浣浼涓村绉?锛?..,http://www.chinabuildingcentre.com/show-41-674-1.html,
,,
OMA ㄩ╁?锛澧涓浜涓,?  Yunhee Jeong OMA楂绾у缓绛甯╁界缁娴灞璁″?20 涓绾 60 骞翠唬...,http://www.chinabuildingcentre.com/show-41-673-1.html
,,
OMA ㄤ浜 锛洪涓骞跺,?  Michael Kokora OMA 涓浜榄浠や汉句互锛缇涓界堕?..,http://www.chinabuildingcentre.com/show-41-672-1.html
,,
OMA ㄦ境澶у╀?锛婢冲ぇ╀涓浼缁椤圭璐娉,?  Ricky Suen OMA 寤虹甯婢冲ぇ╀涓涓瀵涓浜ч剁骇璐㈠浜哄璐?..,http://www.chinabuildingcentre.com/show-41-671-1.html
,,
娣辨浜娲叉锛村璁捐♀澶у路甯捐辩逛╁硅,澶у路甯捐辩(David Gianotten)澶у路甯捐辩(David Gianotten)浜?008骞村O...,http://www.chinabuildingcentre.com/show-41-670-1.html
,,
寤虹路甯路绌舵浣垫?′棰绔寤虹路甯路绌舵浣垫   澶у路甯捐辩 OMA浼...,http://www.chinabuildingcentre.com/show-41-669-1.html,
,,
涓濡浣锛灏蹇缂濮浠寤虹绂??濠风 褰 璋涓7?6ワ版咕寤虹澶у濮浠璧拌涓藉缓绛璁捐＄绌堕㈠?..,http://www.chinabuildingcentre.com/show-41-668-1.html,
,,
濮浠荤ゥ锛璺濮宸ヤ灏卞涔涔?璁夸?  濮浠荤?濮浠澶浜猴濮浠?| 澶у寤虹宸ュ鸿娣卞浼浜洪璁夸汉   ...,http://www.chinabuildingcentre.com/show-41-667-1.html,
,,
璧垫锛璺濮寮浼涓瀹瑕甯涓垮瀹?璁夸?  璧垫?浼璁捐″ㄨ锛涓娴凤稿浼浜恒寤虹荤璁夸汉  ...,http://www.chinabuildingcentre.com/show-41-666-1.html,
,,
澶╀娇锛浠ュ惰韩ㄤ袱帮,?  搴宀?哄ぇ瀛 烘涓璁捐″绯绘杞戒ARCHITEECTURE OF KR...,http://www.chinabuildingcentre.com/show-41-665-1.html
,,
灏蹇佃介杞寤虹,?  瀹?ュ缓绛涓璁胯拌寰峰藉缓绛瀛楹讹Ulf Meyer锛锛2012 ...,http://www.chinabuildingcentre.com/show-41-664-1.html
,,
澶у寤虹浣璇??  淇?锛瀹璺靛ぇ瀛寤虹瀛绯诲锛版咕寤虹蹇荤杈锛绉╁浜剁浣?..,http://www.chinabuildingcentre.com/show-41-663-1.html,
,,
娑垫吵╃伙绌剁娑妲娉榧灞卞绂瀵洪寸??  ㄦ 锛娓澶у寤虹瀛㈠璇璁哄讹╃荤у缓绛甯濮浠涓?..,http://www.chinabuildingcentre.com/show-41-662-1.html,
,,
绋娉板锛烘库寤虹甯濮,璁夸?  绋娉板?涓藉伐绋㈤㈠＋涓绛澧寤虹璁捐℃镐富浜洪璁夸汉缂...,http://www.chinabuildingcentre.com/show-41-661-1.html
,,
寤虹浜虹被瀹瑰ㄢUED涓璁垮浠?璁裤缂杈?  搴峰瀵逛峰涓涓绌洪村绘浜虹被ュ父娲诲ㄤ腑浜瑰...,http://www.chinabuildingcentre.com/show-41-660-1.html,
,,
瀛澶芥瀛瑗挎逛汉绗涓涓藉缓绛涔浜锛灏灞涔缇,杈诲查捐达瀹垛涓浠浠ㄦ娉ュ绉锛惰〃杈剧浜虹被瀛ㄣ浣瀹?..,http://www.chinabuildingcentre.com/show-41-659-1.html
,,
瀛澶芥瀛瑗挎逛汉绗涓涓藉缓绛?瀵逛瑗挎逛汉ヨ达涓戒存涓涓绁绉寮澧借翠腑界瀛ㄥ╁氨涓鸿タ娲ワ浣?..,http://www.chinabuildingcentre.com/show-41-657-1.html,
,,
绾辩孩绌挎骞村锛ф挎归琛ヨ叉??濠风 ユ UED瀹瑰井淇′涓浠?0骞虫圭背缁跨瀹わ灏跺涓ら达浠...,http://www.chinabuildingcentre.com/show-41-656-1.html,
,,
瀛灏涔浜锛骞存,ユ UED瀹瑰井淇￠骞存寤轰2012骞达戒ユ跺匡㈡涓浜婀俱?骞㈠...,http://www.chinabuildingcentre.com/show-41-655-1.html
,,
ユ姝ｄ锛瀹楠瑁缃MASIA,楂杩ョ瑰寤虹浣宸ユ寤虹ㄤ瀵圭绌跺娉扮灏间板洪肩涓浠...,http://www.chinabuildingcentre.com/show-41-654-1.html
,,
浜轰浜浜浠浜兼＄ｅ,浠浜兼＄浜1895骞达浜1987骞达╃荤板ぇ瀛宸ュㄥ缓绛瀛绉姣涓锛1938骞磋1...,http://www.chinabuildingcentre.com/show-41-653-1.html
,,
瀛涔灞锛崇冲涔瀛浣宀涔涔涔♀?璁鸿昏堪锛瀛涔灞锛崇冲涔锛澶澶濡涔崇斥澶澶锛涓哄?..,http://www.chinabuildingcentre.com/show-41-652-1.html,
,,
楂杩ユ绮涓,寤虹澶у楂杩杈涓锛宸叉杩杩惧勾浜楂杩琚ㄥｅ舵颁澧瀹ゃ浠浣...,http://www.chinabuildingcentre.com/show-41-651-1.html
,,
瑗垮澶ф锛稿涓介骞村?涓璁块缁ｅぉ版荤锛瑗垮澶фㄥ箍荤╃户蹇璁?浠  寸 姊磋?..,http://www.chinabuildingcentre.com/show-41-644-1.html,
,,
娑浜褰╁锛兼ョ瓒瀹浣涓颁骇寮?涓璁垮娑?bull;浜褰╁绠＄涓蹇荤绁璁?浠 寸 姊磋?褰 楂?..,http://www.chinabuildingcentre.com/show-41-643-1.html,
,,
板ц垛瀵圭ｇ璁,甯澧璁捐°锛浠ヤ绠绉UED锛锛璇锋ㄨ璋ㄧ璁捐＄蹇靛稿?锛棣锛?..,http://www.chinabuildingcentre.com/show-41-642-1.html
,,
浼涓涓伴锛寤虹浼澶粹朵翰杩椋?浣涓轰寤虹甯锛浣充腑灞浠涔风锛浼涓涓伴涔灞浣惰插灞(...,http://www.chinabuildingcentre.com/show-41-640-1.html,
,,
甯?浣锛涓瑰凹灏路浼缈昏锛绗杞戒锛卞姐舵ャ锛2010骞??ユ...,http://www.chinabuildingcentre.com/show-41-639-1.html,
,,
杩藉婚ｇ杩ョ朵绁绉?璇汇村锛娲讳寤虹┿锛1967骞?浜宸介搴澶у烘?..,http://www.chinabuildingcentre.com/show-41-638-1.html,
,,
涓绡寤虹崇瀛?锛辨 涓绉涓璁捐＄＄涓蹇荤涓翠ュ浣界浠ュ涔ㄧ杈涓淇...,http://www.chinabuildingcentre.com/show-41-637-1.html,
,,
涓瑰凹灏路浼锛椤俱杩绋涓,"杞戒Designboom, 2013骞??8ョ炕璇锛╄Designboom(DB)Daniel Libeskind...",http://www.chinabuildingcentre.com/show-41-636-1.html
,,
缁诲崇绌垛涓璁夸腹灏煎路浼,璁夸汉锛搴峰缈昏锛ㄤ腑界瀹璺UED锛棣娓甯澶у濯浣涓蹇浣ㄤ?..,http://www.chinabuildingcentre.com/show-41-635-1.html
,,
充涓瑰凹灏路浼?瀛渚锛涓瑰凹灏路浼宸ヤ瀹や腹灏煎路浼涓磋村浜涓╁ぇ寤虹?..,http://www.chinabuildingcentre.com/show-41-634-1.html,
,,
瀵绘琛涓╀モ涓绔轰寤虹瀛璁ㄧ邯瀹?Edit_ 缂村钩 Photography_楂浠蹭富浣锛甯?bull;澧&bull;璁捐°锛UE...,http://www.chinabuildingcentre.com/show-41-633-1.html,
,,
UED澶у璁插-甯辩宦烽害娉般璁胯?寤虹涓娌虫瀵硅,甯扮?bull;楹娉帮Brandan MacFarlane锛ヨ娉藉绾㈢寤虹甯缁甯+楹?..,http://www.chinabuildingcentre.com/show-41-632-1.html
,,
板ㄥ缁甯姘涓诲缓绛?蹇宸辨甯缁涓ㄥ寤虹娉缁堕寸楠锛涓绠″ㄧ涓澶涔鸿...,http://www.chinabuildingcentre.com/show-41-631-1.html,
,,
版缁淬㈣衡Arup Associates涔缇,浣涓鸿〃杈惧缓绛涓澧寮归ㄤ欢锛寤虹琛ㄧ寤虹ョ剧澶瓒匡峰浜...,http://www.chinabuildingcentre.com/show-41-630-1.html
,,
缁胯插Arup Associates绉鸿捐,Arup Associates50骞寸灞绋涓锛浠寤虹甯涓宸ョ甯浜稿浣锛板浠...,http://www.chinabuildingcentre.com/show-41-629-1.html
,,
涓浣璁捐°涓浣璁捐′婧㈢Arup Associates㈤锛涓锛?UED浠ュ缓绛涓涓濯浣瑙瑙娣卞Arup Associates㈤锛涓烘ㄨВ璇诲ㄧArup Associates璺?..,http://www.chinabuildingcentre.com/show-41-628-1.html,
,,
寤虹娲伙存扁Archdaily涓璁夸汉涓讳寤虹甯?ㄩㄤ涓浠浠颁浠琛凤戒颁缁存ā寮╂扮璁捐＄?..,http://www.chinabuildingcentre.com/show-41-627-1.html,
,,
澶ц╁斤扮瀛充版瑙瀹璺,?淇瀛? 灏 澶ц锛涓戒缁瀹＄瑙缁уㄥ杩涓骞寸堕撮锛涓界...,http://www.chinabuildingcentre.com/show-41-626-1.html
,,
锛涓辨姒ㄥ涓濂藉缓绛甯,夸烘涔瀹跺?957骞??ュ虹浜涓浜锛朵翰涓扮板哥涓′汉锛姣浜...,http://www.chinabuildingcentre.com/show-41-625-1.html
,,
璐ｄ换涓虫锛?014骞存╁瑰寤虹濂峰璇璇,涓浜骞村璁剧浠ユワ╁瑰寤虹濂瀹ㄤ撮芥琛ㄥ桨褰浠ｅㄤ寤虹甯板哄缓...,http://www.chinabuildingcentre.com/show-41-624-1.html
,,
Arup Associates浜ㄥ勾涓娴风灞瑙娲诲ㄨ绋?寤剁画规эSUSTAINING IDENTITY锛冲ュ颁娴凤寤剁画规фArup Associates...,http://www.chinabuildingcentre.com/show-41-623-1.html,
,,
涓浣璁捐°涓浣璁捐′婧㈢Arup Associates㈤锛浜锛?村浼锔Arup Associates涓浜寤虹荤锛Arup Associates1963骞存绔锛杩ヤ腑藉?..,http://www.chinabuildingcentre.com/show-41-622-1.html,
,,
缁胯插寤虹缁胯衡Arup Associates骞澧璁捐?楂惰芥ㄥ缓绛涓浣跨ㄧ锛浣挎绛绌洪淬甯剁澧村ソ锛...,http://www.chinabuildingcentre.com/show-41-621-1.html,
,,
版缁淬㈣ ARUP ASSOCIATES绉跨浜烘虫,版咕插缓绛瀛姹瀹寰峰捐磋锛浜烘х绌洪村氨浜轰汉芥版俯绌洪淬Arup A...,http://www.chinabuildingcentre.com/show-41-620-1.html
,,
浜烘澶╁伐绔ㄥ缓绛查ㄦ涓撮??ㄦ堵峰辩濡姝やㄦ锛缁澶у板缓绛甯缁ㄥ缓绛蹭澶寤虹...,http://www.chinabuildingcentre.com/show-41-618-1.html,
,,
浣,?撮㈠充浜哄伐涓惰界朵汉绫荤藉浜扮杩涓浣锛浣涓瑗挎规纭?..,http://www.chinabuildingcentre.com/show-41-619-1.html
,,
撮㈠缓绛浣瀵硅浼,堕达?013骞?0?5ュㄤ?0:00扮癸浜杞搴澶ц19蜂腑藉缓绛璁捐＄绌堕涓诲?..,http://www.chinabuildingcentre.com/show-41-617-1.html
,,
濮缁濡涓涓浣璁捐♀Arup Associates灞绋?濡寤虹甯藉娣卞ュ拌琛璁捐★涓娴浜寤虹琛ㄩ淇楗帮ｄ浠灏轰澶х寤...,http://www.chinabuildingcentre.com/show-41-616-1.html,
,,
Arup Associates浜ㄥ勾搴稿ㄧ宸″涓娴风冲寮骞?瀹缇烘涓绉瀛?澶ц璇琛涓版Arup Associates浜ㄥ勾搴稿ㄧ宸?..,http://www.chinabuildingcentre.com/show-41-615-1.html,
,,
缁胯插ARUP ASSOCIATES涓涓ョ芥绐?缁涓涓绾存浼锛Arup Associates瑰绻浜介寤虹璁捐￠涓甯搁?..,http://www.chinabuildingcentre.com/show-41-614-1.html,
,,
版缁淬㈣衡Arup Associates璇瀹缇寤虹?缁涓涓绾存浼锛Arup Associates瑰绻浜介寤虹璁捐￠涓甯搁?..,http://www.chinabuildingcentre.com/show-41-613-1.html,
,,
涓浣璁捐°涓浣璁捐′婧㈢Arup Associates㈤锛涓锛?UED锛Arup Associates㈤濡浣哄浜浼缁寤虹宸ヤ妯″锛峰寮涓涓椤圭璁捐...,http://www.chinabuildingcentre.com/show-41-612-1.html,
,,
惧煎寤虹甯搴璇ユ寰璋?娴峰歌╂浠帮涓跺告锛浠濡姝よ蒋寮卞2011骞存ユ澶ф捣哥ㄥ勾绾蹇典...,http://www.chinabuildingcentre.com/show-41-611-1.html,
,,
浠ユ瑙藉涓讳蹇佃В?娣娴疯矾板ぉ般板绨ヤ棣ｅ娴浜烘插达ㄨよ疮...,http://www.chinabuildingcentre.com/show-41-610-1.html,
,,
娓╁害寤烘锛瓒板涓讳寤虹甯ゆ．т?涓搴х缁ㄦū辨涓涓浠ュ跺ゅ板烘ユ寤虹甯ゆ．т俊锛Fujimori Terun...,http://www.chinabuildingcentre.com/show-41-609-1.html,
,,
涓孤风寰凤绉濡璇,涓孤风寰峰鹃鹃棰渚佃涓藉涓浠戒讹峰版伴寤虹甯烘瀹垛涓孤风?..,http://www.chinabuildingcentre.com/show-41-607-1.html
,,
娣卞冲瀹哄猴宸㈢绐锛句,娣卞冲瀹哄T3锋ゼ璁捐℃剧!??琚缃璋渚瀵х胯娣卞冲瀹哄T3...,http://www.chinabuildingcentre.com/show-41-605-1.html
,,
村讳汉蹇寤鸿绋澹濂ユ瑰╅,?007骞寸澹濂ユ瑰翠慨抽颁骞寸板瑰寮惧凡?骞翠涔璧拌╅锛?..,http://www.chinabuildingcentre.com/show-41-604-1.html
,,
椹宀╂撅寤虹灏辨瑕澶╅┈琛绌?2006骞达椹宀╂惧垮ぇ澶浼澶姊插ぇ璁捐′涓炬锛涓洪浣ㄥ藉璧㈠澶?..,http://www.chinabuildingcentre.com/show-41-603-1.html,
,,
烘涓颁骇濮绘逛璁 璋ㄧ琛锋ョ棣寤鸿?浣?杈杩姐甯稿榫缇烘棣璧鹃缇棣缇棣褰...,http://www.chinabuildingcentre.com/show-41-602-1.html,
,,
涓璁胯タ寤虹甯娉⒙峰反???姊杞堕村浜寸函寸颁唬寸簿寸浣瑗跨寤虹甯娉⒙峰反2...,http://www.chinabuildingcentre.com/show-41-601-1.html,
,,
娆叉斥濮路搴,ㄤ腑斤濮路搴锛REM KOOHAAS锛姝ｆ涓哄跺绘锋浜虹╋搴璇ヤCCTV版婚...,http://www.chinabuildingcentre.com/show-41-600-1.html
,,
路灏璋缁胯插缓绛璁捐,у瀵宠薄璁捐″瑰缁寤鸿惧板哄锋规ф涔璁捐″?..,http://www.chinabuildingcentre.com/show-41-599-1.html
